avg_bathrooms,avg_bedrooms
1.3206249104199512,1.3452773398308728
